user_id,choice,time,trial
user1,consistent,21.74615788,1
user2,inconsistent,18.88852501,1
user3,no preference,12.04706597,1
user4,consistent,4.872342825,1
user5,consistent,16.97862792,1
user6,consistent,11.73825431,1
user7,consistent,4.924914122,1
user8,inconsistent,6.991181612,1
user9,consistent,7.252771854,1
user10,consistent,7.828789711,1
user11,inconsistent,10.51971245,1
user12,inconsistent,11.7126317,1
user13,no preference,11.86700344,1
user14,consistent,7.52750349,1
user15,consistent,8.648539782,1
user16,consistent,7.043764591,1
user17,inconsistent,22.65753245,1
user18,inconsistent,16.97911286,1
user19,consistent,19.96994424,1
user20,consistent,6.734886408,1
user1,consistent,12.20158339,2
user2,consistent,7.302075863,2
user3,inconsistent,9.406164885,2
user4,consistent,9.986183405,2
user5,consistent,10.02769136,2
user6,consistent,10.33954287,2
user7,consistent,2.665601969,2
user8,consistent,20.83117366,2
user9,consistent,5.471716404,2
user10,consistent,7.81031847,2
user11,no preference,13.89393854,2
user12,consistent,6.820796967,2
user13,consistent,6.027272224,2
user14,consistent,10.48903561,2
user15,inconsistent,4.433498383,2
user16,no preference,10.17500901,2
user17,consistent,10.61806154,2
user18,inconsistent,5.390278816,2
user19,consistent,6.651605368,2
user20,no preference,8.635367155,2
user1,consistent,8.395112276,3
user2,no preference,14.76271248,3
user3,no preference,10.67051506,3
user4,consistent,9.875514746,3
user5,consistent,18.41943359,3
user6,consistent,5.153089046,3
user7,consistent,4.715188265,3
user8,consistent,11.87247467,3
user9,inconsistent,6.729089975,3
user10,consistent,8.911115885,3
user11,inconsistent,11.79901505,3
user12,consistent,8.040001154,3
user13,inconsistent,8.080230474,3
user14,consistent,5.936188459,3
user15,inconsistent,6.932618141,3
user16,inconsistent,6.834115267,3
user17,consistent,16.92961812,3
user18,consistent,7.432488918,3
user19,inconsistent,13.45523286,3
user20,consistent,5.428861856,3
user1,no preference,10.29009581,4
user2,no preference,11.02259111,4
user3,consistent,5.68448782,4
user4,consistent,11.21114469,4
user5,inconsistent,19.11162591,4
user6,consistent,6.52390337,4
user7,no preference,3.671494961,4
user8,consistent,9.625791073,4
user9,consistent,3.763864994,4
user10,consistent,5.868228436,4
user11,inconsistent,9.801443815,4
user12,consistent,11.25361872,4
user13,consistent,4.690783262,4
user14,inconsistent,10.28727508,4
user15,no preference,7.885088205,4
user16,consistent,11.99852514,4
user17,inconsistent,8.35530448,4
user18,consistent,7.480991602,4
user19,consistent,8.622371197,4
user20,consistent,5.486362696,4
user1,no preference,20.86366224,5
user2,inconsistent,6.09844923,5
user3,consistent,7.245532513,5
user4,no preference,14.47896528,5
user5,consistent,12.39325237,5
user6,inconsistent,6.809012175,5
user7,consistent,5.648494482,5
user8,inconsistent,11.86614895,5
user9,no preference,7.354915619,5
user10,consistent,10.96218061,5
user11,consistent,11.64348459,5
user12,consistent,21.77560973,5
user13,consistent,6.123274088,5
user14,consistent,9.923913717,5
user15,inconsistent,8.868882179,5
user16,consistent,11.09547138,5
user17,inconsistent,6.105755806,5
user18,consistent,10.89019203,5
user19,consistent,8.724743843,5
user20,inconsistent,11.33903837,5
user1,consistent,14.47540689,6
user2,inconsistent,6.954380751,6
user3,inconsistent,20.40502501,6
user4,consistent,11.98766088,6
user5,consistent,16.7324419,6
user6,no preference,13.18901825,6
user7,consistent,5.010709047,6
user8,no preference,4.354247332,6
user9,consistent,6.05321908,6
user10,consistent,8.219411135,6
user11,consistent,13.96555114,6
user12,consistent,15.69194055,6
user13,consistent,7.274322033,6
user14,consistent,9.287916183,6
user15,consistent,9.726360321,6
user16,no preference,5.812040329,6
user17,consistent,13.59421206,6
user18,inconsistent,5.96040678,6
user19,consistent,26.04530072,6
user20,consistent,8.240120649,6
user1,consistent,11.79634953,7
user2,consistent,6.392305136,7
user3,no preference,20.43759251,7
user4,consistent,10.33025002,7
user5,consistent,14.66210723,7
user6,consistent,6.438733578,7
user7,consistent,6.538216591,7
user8,consistent,6.283904314,7
user9,consistent,5.506134033,7
user10,consistent,13.57599545,7
user11,no preference,17.23828697,7
user12,consistent,6.464223623,7
user13,consistent,3.677006483,7
user14,consistent,25.94952035,7
user15,inconsistent,12.66804028,7
user16,consistent,9.827296257,7
user17,consistent,15.14417315,7
user18,consistent,4.362099886,7
user19,consistent,5.340878725,7
user20,no preference,6.338978529,7
user1,inconsistent,13.91345859,8
user2,consistent,4.678223133,8
user3,inconsistent,16.18034053,8
user4,consistent,5.402583838,8
user5,consistent,17.66937685,8
user6,consistent,8.506994486,8
user7,consistent,8.453621387,8
user8,consistent,7.670196772,8
user9,consistent,3.968598366,8
user10,consistent,4.230099916,8
user11,inconsistent,12.35845184,8
user12,consistent,8.678171635,8
user13,consistent,4.310773611,8
user14,consistent,8.340457439,8
user15,consistent,5.329558372,8
user16,consistent,2.838288784,8
user17,consistent,17.69853735,8
user18,consistent,4.525428295,8
user19,consistent,5.342538595,8
user20,consistent,2.895975828,8
user1,consistent,9.52380085,9
user2,no preference,17.40307808,9
user3,no preference,22.97822261,9
user4,consistent,16.9158442,9
user5,consistent,15.4442451,9
user6,no preference,8.555967093,9
user7,consistent,10.60434794,9
user8,no preference,8.366759777,9
user9,no preference,4.961072206,9
user10,no preference,15.26515627,9
user11,inconsistent,16.24525619,9
user12,consistent,15.75072718,9
user13,consistent,6.18440938,9
user14,no preference,16.94745302,9
user15,no preference,10.46920204,9
user16,consistent,9.945734978,9
user17,consistent,14.16828966,9
user18,consistent,8.308894873,9
user19,consistent,11.95069647,9
user20,inconsistent,4.804467916,9
user1,no preference,9.642894268,10
user2,inconsistent,13.32237411,10
user3,consistent,9.485224009,10
user4,consistent,12.90117121,10
user5,consistent,10.35991192,10
user6,no preference,4.059427261,10
user7,no preference,4.513016224,10
user8,consistent,12.52547646,10
user9,no preference,6.122256279,10
user10,inconsistent,6.078951359,10
user11,no preference,6.828596115,10
user12,consistent,11.94823217,10
user13,consistent,6.898233652,10
user14,consistent,9.319909811,10
user15,no preference,6.952662945,10
user16,consistent,5.641248226,10
user17,no preference,22.74643469,10
user18,no preference,18.24621606,10
user19,no preference,6.550873995,10
user20,inconsistent,15.04677987,10
user1,inconsistent,11.98113513,11
user2,consistent,6.106573582,11
user3,consistent,9.268311262,11
user4,consistent,10.505584,11
user5,consistent,5.500939369,11
user6,consistent,21.54296112,11
user7,consistent,6.364435434,11
user8,inconsistent,13.1505363,11
user9,consistent,6.105020523,11
user10,consistent,4.636133909,11
user11,consistent,17.88378167,11
user12,consistent,9.794065714,11
user13,consistent,3.679225445,11
user14,consistent,13.06067109,11
user15,consistent,8.600353003,11
user16,consistent,8.779764891,11
user17,no preference,17.33964872,11
user18,inconsistent,3.815676212,11
user19,consistent,3.847802162,11
user20,consistent,3.203557253,11
user1,consistent,9.496626139,12
user2,consistent,5.310914993,12
user3,consistent,8.094810247,12
user4,no preference,5.311445475,12
user5,consistent,12.45442057,12
user6,consistent,8.488322496,12
user7,consistent,4.364367247,12
user8,consistent,14.21902418,12
user9,consistent,3.248008251,12
user10,consistent,5.956479311,12
user11,consistent,7.126311779,12
user12,consistent,5.622718334,12
user13,consistent,4.024862766,12
user14,consistent,6.041345596,12
user15,no preference,7.141588449,12
user16,consistent,2.843427181,12
user17,consistent,14.44669414,12
user18,inconsistent,2.113874912,12
user19,consistent,10.13260341,12
user20,consistent,4.56692028,12
user1,consistent,9.059632301,13
user2,inconsistent,9.995853186,13
user3,consistent,18.88243294,13
user4,no preference,21.94399023,13
user5,consistent,14.63914227,13
user6,no preference,10.88393068,13
user7,no preference,7.323656082,13
user8,consistent,8.179436445,13
user9,consistent,5.837760448,13
user10,consistent,8.235735178,13
user11,inconsistent,7.377417088,13
user12,consistent,7.953992128,13
user13,consistent,7.133437872,13
user14,no preference,12.17294788,13
user15,no preference,11.38008356,13
user16,no preference,10.27901864,13
user17,inconsistent,7.087677956,13
user18,consistent,6.10887599,13
user19,consistent,13.82124448,13
user20,consistent,4.81101346,13
user1,no preference,6.685911655,14
user2,consistent,11.32103634,14
user3,consistent,7.728452921,14
user4,consistent,15.76833606,14
user5,consistent,9.004624367,14
user6,consistent,7.157518864,14
user7,consistent,4.691126823,14
user8,no preference,7.87165451,14
user9,no preference,6.718281031,14
user10,consistent,7.13752985,14
user11,consistent,5.164616823,14
user12,inconsistent,7.213265181,14
user13,consistent,4.801937103,14
user14,consistent,7.655818939,14
user15,consistent,12.41621161,14
user16,consistent,7.547754765,14
user17,consistent,5.674724579,14
user18,consistent,9.389941454,14
user19,consistent,9.294435978,14
user20,inconsistent,4.571995497,14
user1,no preference,13.38449192,15
user2,consistent,9.292462349,15
user3,consistent,12.81119227,15
user4,consistent,5.732115746,15
user5,consistent,11.50661302,15
user6,consistent,9.758265972,15
user7,consistent,13.98936725,15
user8,no preference,7.215243578,15
user9,inconsistent,12.18979716,15
user10,consistent,11.9331553,15
user11,consistent,5.294007301,15
user12,consistent,4.65959692,15
user13,no preference,6.408321142,15
user14,consistent,8.667104244,15
user15,no preference,16.08882475,15
user16,consistent,2.920827866,15
user17,no preference,11.56757855,15
user18,consistent,7.854024172,15
user19,consistent,10.43039465,15
user20,no preference,3.590851784,15
user1,consistent,10.56154776,16
user2,consistent,9.604773998,16
user3,consistent,19.25623584,16
user4,consistent,10.91688848,16
user5,consistent,9.4311378,16
user6,consistent,4.30685401,16
user7,consistent,6.367153168,16
user8,consistent,4.664009094,16
user9,no preference,7.835098982,16
user10,consistent,6.102502584,16
user11,no preference,10.38871288,16
user12,inconsistent,8.279227972,16
user13,no preference,4.955467463,16
user14,inconsistent,9.763036013,16
user15,no preference,6.75647831,16
user16,consistent,6.552402496,16
user17,inconsistent,8.968823671,16
user18,inconsistent,10.24390912,16
user19,inconsistent,5.056323051,16
user20,inconsistent,4.70605135,16
user1,no preference,9.650610924,17
user2,consistent,14.35695291,17
user3,consistent,18.82904196,17
user4,consistent,8.129961014,17
user5,consistent,12.26170468,17
user6,consistent,3.572364092,17
user7,consistent,13.98236322,17
user8,no preference,6.414328337,17
user9,no preference,9.811687469,17
user10,consistent,7.773245335,17
user11,no preference,7.858539343,17
user12,consistent,14.29898977,17
user13,no preference,4.750476122,17
user14,consistent,7.356091261,17
user15,no preference,12.285712,17
user16,consistent,5.324586391,17
user17,no preference,15.12252617,17
user18,consistent,3.366523027,17
user19,consistent,6.405260801,17
user20,consistent,4.485787392,17
user1,no preference,14.13627577,18
user2,inconsistent,14.80583644,18
user3,no preference,15.11348224,18
user4,consistent,16.27553511,18
user5,consistent,12.75916767,18
user6,consistent,11.12529612,18
user7,consistent,6.386550665,18
user8,no preference,6.293888807,18
user9,inconsistent,10.60451436,18
user10,consistent,7.120356321,18
user11,consistent,12.48442769,18
user12,consistent,16.81519222,18
user13,no preference,8.130870104,18
user14,no preference,21.7520833,18
user15,no preference,13.52114105,18
user16,consistent,5.022377729,18
user17,inconsistent,16.30398655,18
user18,consistent,11.185781,18
user19,consistent,14.39052129,18
user20,no preference,3.221953392,18
user1,inconsistent,14.97943783,19
user2,consistent,8.558860302,19
user3,consistent,7.848301411,19
user4,no preference,18.21095586,19
user5,consistent,16.08166313,19
user6,no preference,6.580886126,19
user7,consistent,16.57232523,19
user8,consistent,9.164817333,19
user9,no preference,5.301067114,19
user10,inconsistent,7.340465307,19
user11,no preference,9.658069372,19
user12,inconsistent,12.57372999,19
user13,consistent,3.180781126,19
user14,consistent,9.567691803,19
user15,no preference,8.528268576,19
user16,consistent,4.971328497,19
user17,consistent,12.27123642,19
user18,consistent,11.19460607,19
user19,consistent,10.20511627,19
user20,inconsistent,4.829840899,19
user1,no preference,13.4773376,20
user2,consistent,8.371481895,20
user3,inconsistent,4.553807735,20
user4,consistent,7.653781414,20
user5,consistent,17.50116324,20
user6,no preference,8.132560968,20
user7,consistent,8.173833847,20
user8,no preference,6.555015802,20
user9,no preference,5.584800959,20
user10,no preference,9.355036736,20
user11,consistent,14.75892448,20
user12,consistent,3.698766232,20
user13,no preference,6.462914944,20
user14,consistent,9.587790012,20
user15,no preference,6.890912533,20
user16,consistent,2.373210192,20
user17,no preference,16.75584817,20
user18,consistent,3.778901815,20
user19,inconsistent,8.949644089,20
user20,consistent,3.346664906,20
user1,consistent,18.29652953,21
user2,no preference,8.981262922,21
user3,consistent,9.012511015,21
user4,no preference,11.18210697,21
user5,inconsistent,20.42164397,21
user6,consistent,5.119096279,21
user7,consistent,8.096127272,21
user8,no preference,7.080163479,21
user9,consistent,3.739508629,21
user10,consistent,5.453812122,21
user11,no preference,4.138482332,21
user12,consistent,9.317011595,21
user13,inconsistent,12.45313907,21
user14,consistent,8.152572632,21
user15,consistent,10.39891839,21
user16,inconsistent,3.406696081,21
user17,inconsistent,10.52691865,21
user18,inconsistent,2.603987455,21
user19,no preference,8.180218697,21
user20,consistent,5.469853878,21
user1,no preference,10.31647706,22
user2,consistent,3.358444452,22
user3,inconsistent,16.14779639,22
user4,no preference,9.316441298,22
user5,inconsistent,26.01803422,22
user6,no preference,7.461650848,22
user7,consistent,11.11585951,22
user8,no preference,7.927812576,22
user9,no preference,5.18956995,22
user10,consistent,5.497154474,22
user11,no preference,10.34391499,22
user12,inconsistent,11.91237426,22
user13,inconsistent,5.591944218,22
user14,consistent,11.83121777,22
user15,consistent,21.39015555,22
user16,inconsistent,6.141432762,22
user17,no preference,16.63592339,22
user18,consistent,8.420101643,22
user19,consistent,15.11639619,22
user20,consistent,5.519270897,22
user1,consistent,7.655047178,23
user2,no preference,9.139245749,23
user3,no preference,12.47464848,23
user4,inconsistent,14.86269212,23
user5,consistent,10.60408401,23
user6,consistent,4.677647591,23
user7,consistent,10.47066641,23
user8,no preference,6.350054741,23
user9,consistent,12.64558911,23
user10,no preference,7.700669765,23
user11,no preference,11.2996459,23
user12,inconsistent,5.228408575,23
user13,inconsistent,8.096224785,23
user14,no preference,8.469970465,23
user15,inconsistent,7.754889488,23
user16,consistent,7.30019474,23
user17,inconsistent,7.669734716,23
user18,consistent,5.763301134,23
user19,consistent,7.582740545,23
user20,consistent,13.54302216,23
user1,consistent,9.800461292,24
user2,consistent,5.388263226,24
user3,inconsistent,5.557650089,24
user4,inconsistent,10.49424076,24
user5,consistent,17.38373184,24
user6,consistent,3.747906208,24
user7,consistent,7.158206701,24
user8,consistent,5.9056108,24
user9,no preference,6.291969538,24
user10,consistent,6.620635033,24
user11,no preference,2.556996346,24
user12,consistent,15.30484056,24
user13,consistent,4.213812828,24
user14,no preference,12.46678758,24
user15,consistent,8.359384298,24
user16,consistent,6.283641338,24
user17,consistent,6.674969435,24
user18,consistent,28.51887989,24
user19,consistent,13.74893975,24
user20,consistent,2.691411972,24
user1,consistent,12.40487695,25
user2,consistent,6.430605173,25
user3,consistent,9.013639927,25
user4,consistent,6.039456129,25
user5,consistent,11.64581442,25
user6,consistent,4.731376886,25
user7,consistent,12.10255146,25
user8,no preference,24.01967692,25
user9,consistent,5.714766741,25
user10,consistent,5.857438803,25
user11,consistent,10.80342889,25
user12,consistent,9.622382879,25
user13,consistent,3.566983938,25
user14,consistent,5.693888426,25
user15,consistent,5.386781693,25
user16,consistent,11.86660361,25
user17,inconsistent,10.08348131,25
user18,consistent,7.592047691,25
user19,consistent,4.935134172,25
user20,consistent,9.026825428,25
user1,inconsistent,14.22805691,26
user2,consistent,12.14528537,26
user3,consistent,17.33688879,26
user4,consistent,10.11636114,26
user5,consistent,12.95529675,26
user6,consistent,5.509739876,26
user7,consistent,7.012326717,26
user8,inconsistent,11.22750187,26
user9,consistent,6.937918663,26
user10,consistent,7.268364668,26
user11,consistent,19.17602038,26
user12,consistent,5.01749444,26
user13,consistent,4.013309002,26
user14,consistent,7.211926222,26
user15,consistent,11.14333725,26
user16,no preference,8.654323578,26
user17,consistent,14.46332884,26
user18,consistent,5.401039124,26
user19,inconsistent,20.72229552,26
user20,consistent,7.912946701,26
user1,consistent,3.690457106,27
user2,consistent,3.437852383,27
user3,consistent,6.475798368,27
user4,consistent,5.589426279,27
user5,consistent,8.924068451,27
user6,consistent,2.544782639,27
user7,consistent,4.089969397,27
user8,no preference,3.373275042,27
user9,consistent,2.94371748,27
user10,consistent,4.811233282,27
user11,inconsistent,11.70565343,27
user12,consistent,3.346776247,27
user13,consistent,4.381632805,27
user14,consistent,4.333960533,27
user15,inconsistent,14.82354236,27
user16,no preference,8.140743494,27
user17,no preference,12.9571197,27
user18,consistent,2.868548632,27
user19,consistent,4.6308043,27
user20,consistent,2.764017582,27
user1,no preference,8.68974781,28
user2,no preference,8.036170483,28
user3,consistent,14.78493309,28
user4,no preference,12.87259722,28
user5,consistent,10.63653541,28
user6,no preference,5.595343113,28
user7,no preference,4.425727844,28
user8,no preference,4.024623156,28
user9,no preference,7.94451642,28
user10,consistent,6.786412001,28
user11,no preference,8.997793913,28
user12,consistent,12.2852838,28
user13,consistent,7.685994387,28
user14,consistent,11.98797178,28
user15,consistent,10.09196758,28
user16,consistent,6.151506662,28
user17,no preference,10.02261782,28
user18,consistent,9.604310274,28
user19,inconsistent,7.978653431,28
user20,consistent,7.412675619,28
user1,consistent,18.47757769,29
user2,no preference,16.44328117,29
user3,consistent,5.375071526,29
user4,consistent,11.98445511,29
user5,no preference,13.56304741,29
user6,consistent,3.019392252,29
user7,consistent,7.845550776,29
user8,consistent,4.583283186,29
user9,consistent,6.211164713,29
user10,no preference,9.957024813,29
user11,inconsistent,25.84142089,29
user12,consistent,13.54696155,29
user13,consistent,7.694023609,29
user14,consistent,9.414340973,29
user15,consistent,5.308841467,29
user16,no preference,9.643480778,29
user17,inconsistent,11.23463488,29
user18,consistent,3.886872053,29
user19,consistent,6.239748001,29
user20,no preference,6.510297298,29
user1,consistent,17.05323887,30
user2,no preference,15.16534948,30
user3,consistent,18.57729888,30
user4,consistent,7.434340239,30
user5,consistent,12.87510228,30
user6,no preference,8.560217381,30
user7,consistent,4.791137218,30
user8,consistent,16.78095341,30
user9,no preference,4.545688152,30
user10,consistent,5.916537523,30
user11,consistent,5.457763433,30
user12,consistent,11.73011231,30
user13,consistent,3.107114792,30
user14,consistent,12.02866435,30
user15,no preference,7.601558208,30
user16,consistent,11.46566963,30
user17,consistent,7.741618395,30
user18,consistent,5.898543358,30
user19,no preference,10.31616545,30
user20,no preference,2.985943794,30
user1,consistent,12.81119657,31
user2,consistent,8.97782135,31
user3,consistent,13.24848318,31
user4,consistent,24.4527781,31
user5,no preference,18.03756785,31
user6,consistent,9.261000156,31
user7,consistent,7.162977219,31
user8,no preference,13.25416851,31
user9,consistent,8.021316051,31
user10,consistent,6.47514987,31
user11,no preference,7.971740246,31
user12,consistent,7.918099403,31
user13,consistent,8.342697144,31
user14,consistent,9.403981686,31
user15,consistent,6.291465282,31
user16,consistent,5.087610006,31
user17,consistent,8.465758324,31
user18,consistent,6.341366053,31
user19,consistent,11.43298912,31
user20,inconsistent,6.878482342,31
user1,no preference,9.980557442,32
user2,consistent,13.48400927,32
user3,inconsistent,7.11511898,32
user4,consistent,10.60177374,32
user5,inconsistent,11.58932066,32
user6,no preference,5.302134752,32
user7,consistent,5.816347361,32
user8,no preference,13.62237144,32
user9,no preference,8.583528757,32
user10,consistent,7.498794079,32
user11,consistent,6.755549669,32
user12,consistent,11.07380819,32
user13,consistent,4.345487118,32
user14,consistent,8.62716198,32
user15,consistent,13.51771784,32
user16,consistent,9.736414433,32
user17,consistent,8.212422371,32
user18,consistent,11.18065,32
user19,consistent,6.006901741,32
user20,consistent,7.850530148,32
user1,consistent,17.30380702,33
user2,consistent,8.349292517,33
user3,consistent,14.1960938,33
user4,consistent,4.706260681,33
user5,consistent,10.87578321,33
user6,no preference,6.973217726,33
user7,consistent,6.65589118,33
user8,consistent,8.171866417,33
user9,consistent,5.806997538,33
user10,consistent,9.152806997,33
user11,consistent,18.80687046,33
user12,consistent,8.136953115,33
user13,consistent,4.212004185,33
user14,consistent,10.87265897,33
user15,no preference,9.424760818,33
user16,consistent,2.34367609,33
user17,inconsistent,5.693137646,33
user18,consistent,5.488560915,33
user19,consistent,4.587537289,33
user20,consistent,4.021660805,33
user1,no preference,11.96684217,34
user2,consistent,9.485680342,34
user3,consistent,7.369625568,34
user4,consistent,7.423162699,34
user5,consistent,14.81918859,34
user6,consistent,5.771486998,34
user7,consistent,8.36051774,34
user8,no preference,6.451625347,34
user9,consistent,5.975674152,34
user10,consistent,7.929119349,34
user11,no preference,6.209199667,34
user12,consistent,7.031824112,34
user13,consistent,6.021641016,34
user14,consistent,6.753559113,34
user15,consistent,8.357727766,34
user16,consistent,6.413839102,34
user17,no preference,8.784029484,34
user18,consistent,14.34934998,34
user19,consistent,7.209623098,34
user20,consistent,8.208087921,34
user1,consistent,10.67572784,35
user2,no preference,24.05946779,35
user3,inconsistent,16.24196529,35
user4,inconsistent,12.60513043,35
user5,consistent,9.999798775,35
user6,consistent,17.36514497,35
user7,consistent,12.65174031,35
user8,inconsistent,11.36253738,35
user9,inconsistent,8.320459604,35
user10,consistent,6.272719383,35
user11,consistent,5.280625343,35
user12,no preference,13.32586741,35
user13,inconsistent,7.445710182,35
user14,consistent,7.696781635,35
user15,inconsistent,12.16856337,35
user16,consistent,6.683830976,35
user17,no preference,11.11171007,35
user18,inconsistent,8.860023975,35
user19,inconsistent,5.692601442,35
user20,no preference,4.766217947,35
user1,no preference,9.02959156,36
user2,consistent,6.532389164,36
user3,consistent,9.033114672,36
user4,consistent,6.356001616,36
user5,consistent,11.71896005,36
user6,consistent,8.42035532,36
user7,consistent,5.666938782,36
user8,consistent,10.44774508,36
user9,consistent,7.980203629,36
user10,inconsistent,3.093091011,36
user11,consistent,5.781490564,36
user12,consistent,10.14022946,36
user13,consistent,3.544861317,36
user14,consistent,7.574630976,36
user15,consistent,9.853947163,36
user16,no preference,4.437138796,36
user17,no preference,11.25972462,36
user18,consistent,7.807319641,36
user19,inconsistent,0.330103636,36
user20,no preference,4.331049204,36
user1,no preference,13.42352295,37
user2,consistent,28.91777372,37
user3,inconsistent,10.31289601,37
user4,no preference,8.30196166,37
user5,no preference,23.8119688,37
user6,consistent,4.095246792,37
user7,consistent,10.84640598,37
user8,no preference,7.929993868,37
user9,consistent,7.261156559,37
user10,consistent,5.388344526,37
user11,inconsistent,7.154634714,37
user12,inconsistent,9.126130342,37
user13,consistent,4.245640039,37
user14,consistent,6.660478592,37
user15,consistent,7.86364007,37
user16,consistent,5.838959694,37
user17,consistent,4.697153807,37
user18,consistent,8.339687347,37
user19,consistent,17.49867034,37
user20,consistent,4.700659275,37
user1,inconsistent,12.53343892,38
user2,consistent,9.345760345,38
user3,consistent,17.86005282,38
user4,consistent,6.630655766,38
user5,consistent,16.22264481,38
user6,consistent,3.078641653,38
user7,consistent,8.512416601,38
user8,no preference,11.39406872,38
user9,consistent,11.37790799,38
user10,consistent,8.833061218,38
user11,consistent,6.166603804,38
user12,inconsistent,6.064247608,38
user13,consistent,6.819770575,38
user14,consistent,15.09011841,38
user15,consistent,16.50124025,38
user16,consistent,11.96253157,38
user17,consistent,11.54716754,38
user18,consistent,9.986085415,38
user19,consistent,4.020275354,38
user20,consistent,5.957418919,38
user1,no preference,17.41142011,39
user2,consistent,18.25263,39
user3,consistent,17.2148757,39
user4,no preference,3.276382208,39
user5,inconsistent,13.86817503,39
user6,consistent,7.48355341,39
user7,consistent,24.07455635,39
user8,no preference,8.492643118,39
user9,inconsistent,7.209711552,39
user10,inconsistent,7.146569014,39
user11,consistent,10.7892909,39
user12,consistent,13.49890804,39
user13,consistent,5.490005493,39
user14,no preference,10.34546852,39
user15,consistent,15.02396631,39
user16,no preference,6.529052973,39
user17,consistent,5.679855824,39
user18,inconsistent,11.54194975,39
user19,consistent,5.797127962,39
user20,no preference,2.974134207,39
user1,no preference,13.63396525,40
user2,consistent,10.25237489,40
user3,consistent,10.1293385,40
user4,consistent,13.62066913,40
user5,consistent,8.978871822,40
user6,consistent,8.486146212,40
user7,consistent,3.942222357,40
user8,consistent,7.620025635,40
user9,consistent,12.94103456,40
user10,consistent,9.910288811,40
user11,no preference,13.75298309,40
user12,consistent,5.7885952,40
user13,consistent,11.64609122,40
user14,consistent,9.013338804,40
user15,inconsistent,14.59164429,40
user16,consistent,5.414853573,40
user17,consistent,9.738792419,40
user18,consistent,11.08312702,40
user19,consistent,5.131094694,40
user20,no preference,4.547485113,40
user1,consistent,13.83547568,41
user2,consistent,10.21344042,41
user3,inconsistent,15.46690202,41
user4,no preference,6.875233173,41
user5,consistent,6.45436883,41
user6,consistent,11.5178051,41
user7,consistent,5.343011856,41
user8,no preference,11.49107075,41
user9,consistent,14.76534629,41
user10,inconsistent,10.56007433,41
user11,consistent,8.789733171,41
user12,inconsistent,6.458696842,41
user13,consistent,12.83235192,41
user14,no preference,18.47755599,41
user15,inconsistent,4.978185415,41
user16,consistent,9.17252326,41
user17,inconsistent,6.008741856,41
user18,consistent,18.37761283,41
user19,inconsistent,11.95680237,41
user20,consistent,8.016993284,41
user1,consistent,12.97706199,42
user2,consistent,7.700085878,42
user3,consistent,10.97774649,42
user4,consistent,10.6665566,42
user5,consistent,16.68330646,42
user6,consistent,3.424621105,42
user7,consistent,5.405231953,42
user8,consistent,10.76652408,42
user9,no preference,5.06286788,42
user10,consistent,6.692847252,42
user11,consistent,7.845729589,42
user12,no preference,17.54845858,42
user13,consistent,7.387128115,42
user14,consistent,11.0179379,42
user15,consistent,8.66649437,42
user16,inconsistent,5.400599241,42
user17,consistent,4.256651878,42
user18,consistent,3.866244555,42
user19,inconsistent,6.859256268,42
user20,no preference,4.076782942,42
user1,consistent,15.25315619,43
user2,consistent,11.03895855,43
user3,consistent,4.871035814,43
user4,consistent,7.416245937,43
user5,consistent,9.760554314,43
user6,consistent,4.125302076,43
user7,consistent,7.256024837,43
user8,consistent,7.927434683,43
user9,consistent,2.699481964,43
user10,consistent,10.73576975,43
user11,consistent,10.45373535,43
user12,inconsistent,11.55918789,43
user13,consistent,3.409778357,43
user14,consistent,6.838105202,43
user15,inconsistent,8.329914808,43
user16,consistent,7.806410313,43
user17,consistent,7.634045124,43
user18,consistent,7.129058361,43
user19,consistent,7.06927228,43
user20,consistent,9.169997692,43
user1,no preference,16.03748655,44
user2,consistent,8.978400946,44
user3,consistent,3.043013334,44
user4,inconsistent,13.6901319,44
user5,consistent,5.029315233,44
user6,no preference,2.801976442,44
user7,consistent,6.741994858,44
user8,inconsistent,9.506600618,44
user9,consistent,2.01528883,44
user10,consistent,4.007932663,44
user11,consistent,4.922205448,44
user12,consistent,10.92581081,44
user13,consistent,9.726099253,44
user14,consistent,7.502882957,44
user15,inconsistent,8.050963163,44
user16,consistent,5.633325577,44
user17,inconsistent,7.265517235,44
user18,consistent,6.702763081,44
user19,consistent,7.18270421,44
user20,consistent,0.942531824,44
user1,consistent,12.82621813,45
user2,consistent,7.629094362,45
user3,consistent,9.601873636,45
user4,consistent,10.28261542,45
user5,consistent,12.71799278,45
user6,consistent,7.616186142,45
user7,consistent,3.268598795,45
user8,consistent,12.77353597,45
user9,consistent,4.926665306,45
user10,consistent,5.710715055,45
user11,consistent,6.56275773,45
user12,inconsistent,15.82176518,45
user13,consistent,10.32828212,45
user14,consistent,10.97287607,45
user15,consistent,9.434133053,45
user16,inconsistent,9.062330961,45
user17,consistent,9.724131823,45
user18,consistent,6.883119822,45
user19,consistent,10.01805663,45
user20,inconsistent,2.892558575,45
user1,inconsistent,13.24504375,46
user2,consistent,5.808660746,46
user3,consistent,7.224912882,46
user4,no preference,13.37433434,46
user5,consistent,6.233468771,46
user6,consistent,2.723392963,46
user7,consistent,6.386674404,46
user8,no preference,4.655264139,46
user9,consistent,2.955260038,46
user10,consistent,2.849783659,46
user11,consistent,2.882851362,46
user12,consistent,4.102221966,46
user13,consistent,2.998020649,46
user14,consistent,6.183758736,46
user15,inconsistent,8.797474384,46
user16,consistent,8.015435696,46
user17,consistent,5.064472198,46
user18,consistent,4.70876503,46
user19,consistent,4.562752724,46
user20,no preference,7.78371501,46
user1,no preference,14.83418393,47
user2,consistent,11.93381429,47
user3,inconsistent,16.40380025,47
user4,no preference,21.31116128,47
user5,consistent,13.88245416,47
user6,consistent,5.630719662,47
user7,consistent,34.15088296,47
user8,consistent,9.692068338,47
user9,consistent,6.945410252,47
user10,consistent,5.836143255,47
user11,inconsistent,3.997908115,47
user12,inconsistent,12.3888886,47
user13,inconsistent,10.67535758,47
user14,consistent,9.008430004,47
user15,consistent,8.853877068,47
user16,consistent,6.753765583,47
user17,inconsistent,10.14273691,47
user18,consistent,2.92026782,47
user19,inconsistent,2.712207079,47
user20,no preference,3.819461346,47
user1,consistent,37.28101969,48
user2,consistent,11.13957548,48
user3,consistent,10.13082433,48
user4,inconsistent,17.93171954,48
user5,inconsistent,13.61966419,48
user6,consistent,4.722047567,48
user7,consistent,5.646239519,48
user8,no preference,6.033560276,48
user9,consistent,6.776036024,48
user10,consistent,4.006703138,48
user11,consistent,7.115800858,48
user12,inconsistent,10.86981916,48
user13,inconsistent,6.448504686,48
user14,consistent,8.655945778,48
user15,inconsistent,10.24306273,48
user16,consistent,6.390486002,48
user17,consistent,9.017379999,48
user18,inconsistent,15.81409502,48
user19,inconsistent,5.35670948,48
user20,consistent,4.332406759,48
user1,consistent,12.30612779,49
user2,no preference,11.70096445,49
user3,consistent,12.11535788,49
user4,consistent,10.64015985,49
user5,consistent,21.28157139,49
user6,no preference,6.758584976,49
user7,consistent,7.632599115,49
user8,consistent,10.2969234,49
user9,consistent,6.709350109,49
user10,consistent,6.133283615,49
user11,consistent,2.89476037,49
user12,consistent,7.767230272,49
user13,consistent,5.752872467,49
user14,consistent,9.47393012,49
user15,consistent,8.962978363,49
user16,consistent,9.680917501,49
user17,consistent,9.34205246,49
user18,consistent,2.829315662,49
user19,no preference,7.134153605,49
user20,consistent,6.871948719,49
user1,no preference,7.44210577,50
user2,consistent,1.976717234,50
user3,consistent,14.97158647,50
user4,consistent,5.971106529,50
user5,consistent,17.49861026,50
user6,consistent,5.136989594,50
user7,consistent,8.147650719,50
user8,consistent,10.06186652,50
user9,consistent,4.769318342,50
user10,consistent,7.746770144,50
user11,consistent,13.76884341,50
user12,inconsistent,3.179690361,50
user13,inconsistent,3.054405451,50
user14,consistent,5.655044079,50
user15,consistent,7.653473139,50
user16,consistent,3.29015708,50
user17,consistent,3.826642036,50
user18,consistent,4.156336546,50
user19,consistent,9.803017378,50
user20,no preference,5.448359013,50
user1,no preference,3.401199102,51
user2,no preference,10.85405827,51
user3,consistent,18.7542882,51
user4,consistent,21.28389645,51
user5,consistent,11.1923902,51
user6,consistent,8.589704514,51
user7,consistent,2.197718859,51
user8,no preference,8.377688646,51
user9,inconsistent,8.429486036,51
user10,consistent,6.128983736,51
user11,no preference,10.27229643,51
user12,consistent,16.70947051,51
user13,consistent,4.394534111,51
user14,consistent,8.352241993,51
user15,consistent,8.876574755,51
user16,consistent,2.99392128,51
user17,consistent,7.859238625,51
user18,consistent,13.24356461,51
user19,inconsistent,9.09949398,51
user20,no preference,3.421433687,51
user1,inconsistent,14.16528034,52
user2,inconsistent,4.503552198,52
user3,consistent,6.013178349,52
user4,consistent,11.4379549,52
user5,no preference,16.06305122,52
user6,consistent,4.363046169,52
user7,consistent,6.968565464,52
user8,inconsistent,8.518015146,52
user9,consistent,5.382876158,52
user10,consistent,6.87097621,52
user11,consistent,4.683382273,52
user12,consistent,5.219861507,52
user13,no preference,5.004565477,52
user14,consistent,12.60853076,52
user15,consistent,16.46848536,52
user16,inconsistent,4.967510223,52
user17,no preference,8.332245588,52
user18,consistent,6.090498686,52
user19,consistent,7.415038347,52
user20,consistent,3.871891975,52
user1,no preference,13.07153916,53
user2,consistent,22.35252571,53
user3,inconsistent,13.94250584,53
user4,consistent,9.03645134,53
user5,consistent,13.96318269,53
user6,consistent,8.369455576,53
user7,consistent,7.559794903,53
user8,no preference,7.722411633,53
user9,consistent,8.473034859,53
user10,consistent,6.171400785,53
user11,consistent,9.599392891,53
user12,consistent,3.593750477,53
user13,no preference,10.61717057,53
user14,consistent,11.69007254,53
user15,inconsistent,12.58372068,53
user16,consistent,9.297386646,53
user17,consistent,5.952875137,53
user18,consistent,11.50659895,53
user19,consistent,9.673071861,53
user20,inconsistent,6.770959377,53
user1,consistent,11.77411723,54
user2,no preference,9.668334961,54
user3,consistent,8.294636488,54
user4,consistent,4.612169027,54
user5,consistent,8.093672991,54
user6,consistent,3.515635252,54
user7,consistent,2.11659646,54
user8,no preference,2.193112135,54
user9,consistent,7.163504362,54
user10,consistent,5.389830828,54
user11,consistent,5.083469391,54
user12,consistent,4.630006552,54
user13,consistent,2.749180794,54
user14,consistent,5.461410999,54
user15,consistent,4.375989437,54
user16,consistent,8.297534466,54
user17,consistent,8.83541584,54
user18,consistent,7.732162714,54
user19,consistent,4.872643709,54
user20,consistent,5.533633709,54
user1,no preference,22.9406445,55
user2,consistent,6.871640921,55
user3,consistent,8.188348532,55
user4,consistent,6.581962585,55
user5,consistent,8.454730749,55
user6,consistent,5.589000225,55
user7,consistent,15.01715803,55
user8,no preference,9.149013281,55
user9,consistent,8.428507566,55
user10,consistent,4.820149422,55
user11,consistent,3.329998255,55
user12,consistent,3.149203777,55
user13,inconsistent,5.523265123,55
user14,consistent,12.65065503,55
user15,consistent,5.595025778,55
user16,inconsistent,9.778048754,55
user17,no preference,10.99678898,55
user18,consistent,5.035004616,55
user19,consistent,18.50089312,55
user20,consistent,7.993728876,55
user1,consistent,13.81764698,56
user2,inconsistent,9.173239946,56
user3,consistent,17.70213127,56
user4,no preference,25.20277047,56
user5,no preference,16.41114283,56
user6,consistent,4.209815741,56
user7,no preference,4.216557503,56
user8,inconsistent,5.443728924,56
user9,consistent,2.637748718,56
user10,inconsistent,4.305387259,56
user11,consistent,5.857642889,56
user12,consistent,7.662965775,56
user13,consistent,7.761476517,56
user14,inconsistent,6.87903142,56
user15,consistent,12.10273027,56
user16,consistent,4.276371717,56
user17,consistent,3.175556421,56
user18,inconsistent,8.065295219,56
user19,consistent,5.571912766,56
user20,no preference,2.629367828,56
user1,consistent,24.42304134,57
user2,consistent,7.871774673,57
user3,no preference,10.4838202,57
user4,consistent,6.894959927,57
user5,consistent,6.387398958,57
user6,no preference,2.676870108,57
user7,consistent,10.49976254,57
user8,no preference,4.171998978,57
user9,no preference,5.9010849,57
user10,consistent,5.606485844,57
user11,consistent,2.998761654,57
user12,consistent,4.334327221,57
user13,consistent,4.74304986,57
user14,no preference,4.28135705,57
user15,no preference,8.095481634,57
user16,no preference,6.005233049,57
user17,consistent,4.376700163,57
user18,consistent,7.501322269,57
user19,no preference,3.745662212,57
user20,no preference,2.210679293,57
user1,no preference,9.803567886,58
user2,consistent,8.229339361,58
user3,consistent,6.883970261,58
user4,inconsistent,2.410017729,58
user5,consistent,5.760677338,58
user6,consistent,15.11145949,58
user7,consistent,6.460037947,58
user8,consistent,9.915197372,58
user9,consistent,3.934803009,58
user10,consistent,4.513712883,58
user11,no preference,6.692782879,58
user12,inconsistent,8.882118225,58
user13,no preference,8.791869879,58
user14,consistent,5.732047796,58
user15,consistent,13.57889628,58
user16,inconsistent,8.957504511,58
user17,no preference,8.905946255,58
user18,consistent,8.685028076,58
user19,inconsistent,6.157364368,58
user20,consistent,2.427238941,58
user1,consistent,20.93125796,59
user2,consistent,8.560133696,59
user3,consistent,5.114909172,59
user4,inconsistent,7.961517096,59
user5,no preference,16.91507697,59
user6,no preference,4.920969009,59
user7,consistent,7.840266466,59
user8,consistent,8.63106513,59
user9,consistent,5.023877144,59
user10,inconsistent,8.34472394,59
user11,consistent,10.44470024,59
user12,consistent,14.02950191,59
user13,inconsistent,5.380059958,59
user14,consistent,14.14234114,59
user15,inconsistent,8.377856255,59
user16,consistent,4.647916079,59
user17,no preference,6.532726288,59
user18,consistent,4.684549809,59
user19,consistent,4.780765533,59
user20,consistent,1.678952456,59
user1,consistent,9.502961636,60
user2,consistent,9.792467117,60
user3,consistent,11.05465031,60
user4,no preference,8.209534883,60
user5,consistent,10.55725813,60
user6,consistent,4.242676973,60
user7,consistent,4.781730652,60
user8,no preference,8.957364321,60
user9,consistent,4.736822128,60
user10,consistent,5.866935968,60
user11,consistent,5.474609852,60
user12,consistent,3.406831026,60
user13,consistent,5.527201414,60
user14,inconsistent,10.19113183,60
user15,no preference,11.52657914,60
user16,consistent,5.494598627,60
user17,no preference,0.345170259,60
user18,consistent,6.772644997,60
user19,no preference,5.176911831,60
user20,no preference,2.907402515,60
user1,consistent,8.067677021,61
user2,consistent,9.056526184,61
user3,consistent,157.336426,61
user4,consistent,18.46082544,61
user5,consistent,11.45023704,61
user6,consistent,3.401885986,61
user7,consistent,2.511425257,61
user8,consistent,7.276391983,61
user9,consistent,10.19776678,61
user10,consistent,5.818023205,61
user11,consistent,7.087936163,61
user12,inconsistent,4.176016331,61
user13,inconsistent,6.666346312,61
user14,consistent,17.86964488,61
user15,consistent,6.463949919,61
user16,inconsistent,7.553524017,61
user17,inconsistent,5.024698257,61
user18,inconsistent,3.908978939,61
user19,consistent,11.68503284,61
user20,consistent,4.520706415,61
user1,consistent,8.001676083,62
user2,consistent,5.765331268,62
user3,consistent,5.810843468,62
user4,consistent,8.029340982,62
user5,consistent,13.73955083,62
user6,consistent,4.248961449,62
user7,consistent,10.23252964,62
user8,consistent,10.72668409,62
user9,consistent,4.365931749,62
user10,consistent,13.10515642,62
user11,consistent,7.756627083,62
user12,consistent,7.789723873,62
user13,consistent,5.326116562,62
user14,no preference,9.355929613,62
user15,consistent,4.531855106,62
user16,no preference,4.341439486,62
user17,no preference,9.908209562,62
user18,consistent,4.894266844,62
user19,consistent,4.461658478,62
user20,no preference,2.218571424,62
user1,consistent,24.28476024,63
user2,consistent,5.452293634,63
user3,consistent,5.476088524,63
user4,consistent,3.581783056,63
user5,consistent,6.946795225,63
user6,consistent,2.443142891,63
user7,consistent,3.176353216,63
user8,consistent,7.885084391,63
user9,consistent,7.295807838,63
user10,consistent,8.818829775,63
user11,consistent,2.50532937,63
user12,consistent,3.20663166,63
user13,consistent,3.917165041,63
user14,consistent,4.178519249,63
user15,consistent,8.611937523,63
user16,no preference,7.355230331,63
user17,no preference,7.413108587,63
user18,inconsistent,2.554899216,63
user19,consistent,8.88030386,63
user20,consistent,2.513865709,63
user1,no preference,14.50968528,64
user2,consistent,6.493444204,64
user3,consistent,6.02025795,64
user4,consistent,5.189346552,64
user5,consistent,10.38754082,64
user6,consistent,2.82386446,64
user7,consistent,10.19479537,64
user8,no preference,6.496027946,64
user9,consistent,2.74012661,64
user10,consistent,4.309940577,64
user11,consistent,4.537122011,64
user12,consistent,6.611604452,64
user13,consistent,2.845335484,64
user14,consistent,5.870514393,64
user15,consistent,4.316865683,64
user16,consistent,7.881938934,64
user17,consistent,10.21972799,64
user18,consistent,7.68699789,64
user19,consistent,5.126573563,64
user20,consistent,3.460371256,64
user1,consistent,4.517265081,65
user2,consistent,7.172661304,65
user3,inconsistent,9.527878284,65
user4,consistent,5.254666567,65
user5,consistent,9.872128963,65
user6,consistent,3.29997921,65
user7,consistent,11.4447248,65
user8,no preference,2.446303844,65
user9,consistent,6.293013334,65
user10,consistent,9.179342985,65
user11,consistent,9.013304949,65
user12,consistent,5.766229868,65
user13,no preference,6.408507586,65
user14,consistent,6.560064554,65
user15,consistent,9.751931667,65
user16,consistent,3.438546658,65
user17,consistent,6.103989601,65
user18,consistent,6.676212072,65
user19,consistent,3.912829638,65
user20,consistent,5.192472458,65
user1,consistent,6.806176662,66
user2,consistent,7.013060808,66
user3,consistent,5.922802687,66
user4,consistent,7.097894907,66
user5,consistent,15.71208405,66
user6,consistent,2.71649456,66
user7,consistent,4.156968355,66
user8,consistent,8.622243404,66
user9,consistent,2.793418646,66
user10,consistent,6.702306271,66
user11,consistent,3.130577803,66
user12,consistent,9.695595264,66
user13,consistent,3.724705458,66
user14,consistent,4.002686739,66
user15,no preference,5.445675373,66
user16,consistent,3.147238731,66
user17,no preference,5.699175358,66
user18,consistent,3.395989895,66
user19,consistent,10.75007558,66
user20,consistent,4.833788395,66
user1,no preference,8.532162666,67
user2,consistent,9.46545434,67
user3,consistent,6.822537899,67
user4,consistent,15.12988853,67
user5,inconsistent,12.12021613,67
user6,no preference,7.504683018,67
user7,no preference,2.869807482,67
user8,no preference,5.227413654,67
user9,consistent,8.635489702,67
user10,consistent,10.26380682,67
user11,inconsistent,10.02404785,67
user12,consistent,14.53248596,67
user13,consistent,4.493839025,67
user14,consistent,15.45347834,67
user15,consistent,8.460939646,67
user16,consistent,7.370778084,67
user17,inconsistent,5.291601419,67
user18,inconsistent,3.730435848,67
user19,consistent,14.80871034,67
user20,no preference,3.802854061,67
user1,inconsistent,20.84651875,68
user2,consistent,7.216146469,68
user3,inconsistent,14.21320486,68
user4,inconsistent,12.61474729,68
user5,consistent,10.69177556,68
user6,consistent,2.929014206,68
user7,consistent,14.85067272,68
user8,no preference,4.74170208,68
user9,inconsistent,4.401570797,68
user10,consistent,3.994671583,68
user11,consistent,5.896146059,68
user12,consistent,18.78708124,68
user13,no preference,9.277726173,68
user14,consistent,5.70415163,68
user15,consistent,8.7183218,68
user16,consistent,3.654434681,68
user17,consistent,10.53934646,68
user18,consistent,7.608714819,68
user19,consistent,7.085315704,68
user20,inconsistent,4.860715628,68
user1,no preference,8.932920218,69
user2,consistent,10.26460004,69
user3,consistent,9.078763723,69
user4,consistent,5.785735369,69
user5,consistent,8.204512596,69
user6,consistent,3.807974339,69
user7,consistent,3.421221972,69
user8,no preference,8.206657887,69
user9,consistent,3.117030382,69
user10,consistent,5.282874584,69
user11,consistent,11.72696257,69
user12,consistent,6.132400274,69
user13,consistent,3.477307558,69
user14,consistent,5.167819262,69
user15,consistent,9.852641106,69
user16,inconsistent,2.429841042,69
user17,no preference,8.444317341,69
user18,consistent,4.541458607,69
user19,no preference,4.765230894,69
user20,consistent,2.949369669,69
user1,consistent,16.05820012,70
user2,consistent,8.282188654,70
user3,consistent,11.65115929,70
user4,no preference,7.666160107,70
user5,consistent,6.348826408,70
user6,consistent,7.825647116,70
user7,consistent,16.04776573,70
user8,no preference,4.821366787,70
user9,consistent,4.364360571,70
user10,consistent,4.557030439,70
user11,consistent,13.45548439,70
user12,consistent,17.98496175,70
user13,consistent,2.694337606,70
user14,inconsistent,6.782219648,70
user15,consistent,4.809309244,70
user16,no preference,5.083945274,70
user17,consistent,7.686032772,70
user18,inconsistent,2.728301048,70
user19,inconsistent,4.373483181,70
user20,consistent,4.191442013,70
user1,no preference,11.92450285,71
user2,inconsistent,6.842502117,71
user3,consistent,18.49906278,71
user4,no preference,10.67666721,71
user5,no preference,13.791435,71
user6,consistent,2.788868427,71
user7,consistent,8.857053041,71
user8,no preference,4.404922485,71
user9,consistent,11.80577397,71
user10,consistent,5.627008677,71
user11,no preference,7.635639906,71
user12,consistent,10.4441824,71
user13,consistent,4.228255033,71
user14,consistent,6.245993614,71
user15,inconsistent,14.09812498,71
user16,no preference,2.076241255,71
user17,no preference,10.68042731,71
user18,consistent,9.701205015,71
user19,consistent,9.229739666,71
user20,consistent,3.148979425,71
user1,no preference,11.15016603,72
user2,consistent,11.42316794,72
user3,consistent,6.058298588,72
user4,inconsistent,14.37787962,72
user5,inconsistent,16.35012889,72
user6,consistent,4.549201727,72
user7,consistent,11.7141695,72
user8,consistent,8.243592739,72
user9,consistent,4.292666912,72
user10,inconsistent,5.497517586,72
user11,inconsistent,9.180539608,72
user12,inconsistent,6.974164009,72
user13,inconsistent,3.804348707,72
user14,consistent,6.379851341,72
user15,consistent,4.822773695,72
user16,no preference,3.099829912,72
user17,no preference,11.53779507,72
user18,inconsistent,6.465716124,72
user19,consistent,8.395077467,72
user20,consistent,10.85840392,72
user1,no preference,7.513209105,73
user2,no preference,12.39181495,73
user3,consistent,14.97839189,73
user4,inconsistent,7.798904181,73
user5,inconsistent,15.49698901,73
user6,no preference,3.40677309,73
user7,consistent,6.58176136,73
user8,no preference,11.26597428,73
user9,consistent,7.703614712,73
user10,inconsistent,6.144515753,73
user11,consistent,7.561882496,73
user12,inconsistent,12.86742449,73
user13,no preference,5.901342869,73
user14,consistent,9.776032925,73
user15,inconsistent,15.51553202,73
user16,no preference,8.596895218,73
user17,consistent,8.266312838,73
user18,consistent,8.721332788,73
user19,consistent,8.59608674,73
user20,consistent,3.280449629,73
user1,no preference,13.50406098,74
user2,consistent,5.168115616,74
user3,consistent,7.865875006,74
user4,consistent,5.319883585,74
user5,consistent,9.308893919,74
user6,consistent,8.423469305,74
user7,consistent,8.575417519,74
user8,consistent,5.853231907,74
user9,consistent,4.75844264,74
user10,consistent,3.442615986,74
user11,consistent,2.615927458,74
user12,inconsistent,4.91253376,74
user13,consistent,8.319838524,74
user14,consistent,6.537984848,74
user15,consistent,6.624042511,74
user16,no preference,5.284252167,74
user17,no preference,12.43357539,74
user18,consistent,9.61712265,74
user19,inconsistent,4.517982483,74
user20,consistent,3.861323833,74
user1,consistent,14.12812424,75
user2,consistent,8.977390766,75
user3,consistent,16.25698709,75
user4,consistent,3.642165899,75
user5,consistent,10.33594108,75
user6,consistent,4.223963022,75
user7,consistent,8.337097883,75
user8,no preference,6.380783558,75
user9,consistent,8.576162338,75
user10,consistent,5.340946913,75
user11,consistent,9.145524502,75
user12,consistent,10.38390899,75
user13,inconsistent,3.452873707,75
user14,consistent,9.755434752,75
user15,consistent,14.58543897,75
user16,consistent,6.484745502,75
user17,consistent,9.584486246,75
user18,inconsistent,2.992223501,75
user19,consistent,10.339854,75
user20,consistent,4.233289242,75
user1,inconsistent,15.88967085,76
user2,consistent,12.46219945,76
user3,consistent,10.75870061,76
user4,consistent,5.151871204,76
user5,consistent,15.44499111,76
user6,no preference,7.288118601,76
user7,no preference,6.843627453,76
user8,no preference,9.97161603,76
user9,consistent,5.856939793,76
user10,consistent,5.108702898,76
user11,inconsistent,6.643167734,76
user12,inconsistent,16.00792003,76
user13,consistent,6.323487997,76
user14,consistent,5.83702445,76
user15,consistent,11.55438924,76
user16,consistent,5.09301877,76
user17,no preference,11.80477452,76
user18,consistent,8.064343214,76
user19,inconsistent,5.634108067,76
user20,no preference,7.736573219,76
user1,consistent,13.85862255,77
user2,consistent,4.79011035,77
user3,consistent,6.691003799,77
user4,consistent,3.321613312,77
user5,consistent,13.05881882,77
user6,consistent,4.940449715,77
user7,consistent,5.264409065,77
user8,no preference,5.248302698,77
user9,consistent,13.76008821,77
user10,consistent,3.606296062,77
user11,no preference,5.122190714,77
user12,consistent,11.20058942,77
user13,consistent,5.862046003,77
user14,consistent,6.938196421,77
user15,consistent,9.589272499,77
user16,consistent,4.925537348,77
user17,consistent,5.971476316,77
user18,consistent,3.475615978,77
user19,inconsistent,10.85874796,77
user20,consistent,5.691603899,77
user1,consistent,8.49289155,78
user2,consistent,11.56414533,78
user3,inconsistent,6.040859222,78
user4,consistent,6.211750507,78
user5,consistent,6.153789997,78
user6,consistent,3.546519518,78
user7,consistent,3.485575676,78
user8,consistent,9.627187252,78
user9,consistent,6.604128599,78
user10,consistent,5.340018511,78
user11,consistent,9.975547791,78
user12,consistent,9.637848854,78
user13,consistent,5.763322592,78
user14,consistent,14.49119592,78
user15,consistent,7.836780548,78
user16,consistent,3.907211065,78
user17,consistent,7.894035339,78
user18,inconsistent,7.104618549,78
user19,inconsistent,7.445228577,78
user20,no preference,5.803744793,78
user1,consistent,15.54498053,79
user2,consistent,8.839186668,79
user3,no preference,17.51518083,79
user4,consistent,6.359869957,79
user5,no preference,12.13656354,79
user6,consistent,4.439760447,79
user7,no preference,10.55746102,79
user8,no preference,6.327101707,79
user9,inconsistent,5.791947603,79
user10,consistent,3.195638895,79
user11,no preference,9.690670967,79
user12,consistent,15.32503033,79
user13,inconsistent,5.675952435,79
user14,no preference,6.883232594,79
user15,consistent,9.641178846,79
user16,consistent,3.550333023,79
user17,consistent,9.146640539,79
user18,inconsistent,4.08564496,79
user19,consistent,6.359506607,79
user20,inconsistent,4.916699648,79
user1,consistent,11.68115401,80
user2,consistent,6.19562459,80
user3,inconsistent,6.909480095,80
user4,inconsistent,4.569051981,80
user5,consistent,7.475895643,80
user6,consistent,2.45911622,80
user7,consistent,8.869490623,80
user8,consistent,5.727025986,80
user9,consistent,3.932870388,80
user10,consistent,3.602395535,80
user11,consistent,7.120433092,80
user12,inconsistent,6.390258789,80
user13,consistent,5.494637966,80
user14,consistent,8.014102697,80
user15,consistent,8.332545757,80
user16,consistent,3.665836573,80
user17,consistent,11.79373479,80
user18,inconsistent,4.542648315,80
user19,consistent,5.568983555,80
user20,no preference,6.483445644,80
user1,inconsistent,21.07097411,81
user2,consistent,4.329207897,81
user3,consistent,11.72335076,81
user4,consistent,6.166189432,81
user5,consistent,8.491900682,81
user6,no preference,3.605257034,81
user7,consistent,7.860962629,81
user8,no preference,5.427845955,81
user9,consistent,6.090984344,81
user10,consistent,3.669334888,81
user11,consistent,6.34799552,81
user12,consistent,6.654618025,81
user13,consistent,4.197000265,81
user14,consistent,5.888802052,81
user15,inconsistent,11.31605244,81
user16,inconsistent,3.462300062,81
user17,consistent,5.021085501,81
user18,consistent,6.383493423,81
user19,no preference,8.794970512,81
user20,no preference,1.843589306,81
user1,consistent,15.10724616,82
user2,consistent,8.171682119,82
user3,consistent,16.19899988,82
user4,consistent,6.537781477,82
user5,consistent,8.13214159,82
user6,consistent,5.884243011,82
user7,consistent,4.98372674,82
user8,no preference,19.77446389,82
user9,consistent,6.643425703,82
user10,consistent,3.802814245,82
user11,no preference,6.053935766,82
user12,consistent,7.370224953,82
user13,consistent,7.863483667,82
user14,consistent,8.255763054,82
user15,consistent,4.552273989,82
user16,consistent,3.871829033,82
user17,consistent,9.679539204,82
user18,consistent,11.59141421,82
user19,consistent,7.614391804,82
user20,consistent,2.839448929,82
user1,consistent,8.998615026,83
user2,consistent,7.280555487,83
user3,inconsistent,9.568082094,83
user4,inconsistent,11.72316957,83
user5,consistent,12.53151321,83
user6,no preference,7.418391705,83
user7,no preference,2.748336077,83
user8,no preference,4.847417116,83
user9,inconsistent,11.2089231,83
user10,consistent,5.203605652,83
user11,consistent,5.388973236,83
user12,consistent,10.28503704,83
user13,inconsistent,6.333263874,83
user14,consistent,5.799700737,83
user15,consistent,5.427199125,83
user16,consistent,3.092340946,83
user17,inconsistent,10.19939399,83
user18,consistent,2.588249207,83
user19,consistent,3.957679272,83
user20,consistent,4.691612959,83
user1,consistent,12.3164897,84
user2,inconsistent,13.03037906,84
user3,consistent,14.19622993,84
user4,consistent,5.822185755,84
user5,consistent,11.54284859,84
user6,no preference,5.404047728,84
user7,consistent,19.04711556,84
user8,no preference,6.633073092,84
user9,consistent,8.444381475,84
user10,inconsistent,4.124742746,84
user11,consistent,4.793784618,84
user12,consistent,5.624732971,84
user13,no preference,8.793897629,84
user14,consistent,4.988883257,84
user15,consistent,6.324509144,84
user16,inconsistent,7.184531927,84
user17,consistent,4.78288579,84
user18,inconsistent,7.248411894,84
user19,consistent,9.415516853,84
user20,inconsistent,4.868244171,84
user1,consistent,10.83394456,85
user2,consistent,6.875,85
user3,no preference,16.73643041,85
user4,consistent,8.498178959,85
user5,consistent,10.85722947,85
user6,consistent,7.689287186,85
user7,consistent,9.452189445,85
user8,no preference,6.308989286,85
user9,consistent,3.737065315,85
user10,consistent,3.44551301,85
user11,consistent,4.670345783,85
user12,consistent,7.738717318,85
user13,consistent,7.974153519,85
user14,consistent,3.848014355,85
user15,consistent,4.078765869,85
user16,consistent,6.10655117,85
user17,no preference,6.810065746,85
user18,inconsistent,4.783220053,85
user19,consistent,6.082993031,85
user20,consistent,4.44434166,85
user1,consistent,13.63260746,86
user2,consistent,4.49766922,86
user3,consistent,8.307937622,86
user4,consistent,3.089434147,86
user5,consistent,8.145699739,86
user6,consistent,3.21288085,86
user7,consistent,10.31674528,86
user8,consistent,20.47441077,86
user9,consistent,3.834228754,86
user10,consistent,4.064114571,86
user11,consistent,1.844727278,86
user12,consistent,21.34332466,86
user13,consistent,6.531421423,86
user14,consistent,7.453910112,86
user15,no preference,5.269411325,86
user16,consistent,3.631297588,86
user17,consistent,5.493163824,86
user18,consistent,2.704895496,86
user19,no preference,15.32103348,86
user20,no preference,3.947943926,86
user1,consistent,14.5176897,87
user2,consistent,9.407958031,87
user3,consistent,9.975221395,87
user4,consistent,11.40924263,87
user5,consistent,11.08838654,87
user6,no preference,4.25935936,87
user7,no preference,4.77089715,87
user8,no preference,8.054576874,87
user9,consistent,6.390609503,87
user10,consistent,4.049335718,87
user11,consistent,4.070063829,87
user12,inconsistent,8.981503487,87
user13,consistent,8.588481426,87
user14,consistent,4.804603815,87
user15,consistent,7.55078721,87
user16,consistent,5.197036028,87
user17,no preference,6.602423906,87
user18,consistent,3.482125759,87
user19,consistent,6.822316885,87
user20,no preference,3.675892115,87
user1,consistent,8.941972017,88
user2,consistent,4.986451626,88
user3,inconsistent,8.109146357,88
user4,consistent,5.12018609,88
user5,consistent,12.95689464,88
user6,consistent,5.351770878,88
user7,consistent,11.33090472,88
user8,consistent,6.231075048,88
user9,consistent,9.023901463,88
user10,inconsistent,3.388427973,88
user11,consistent,7.774771214,88
user12,inconsistent,17.41172934,88
user13,consistent,5.816236734,88
user14,no preference,8.282466412,88
user15,inconsistent,5.764086246,88
user16,no preference,6.726415396,88
user17,consistent,3.835843801,88
user18,consistent,4.055482626,88
user19,consistent,5.411593676,88
user20,no preference,2.452977657,88
user1,consistent,12.23143649,89
user2,consistent,5.366990089,89
user3,inconsistent,9.752115488,89
user4,no preference,8.811843157,89
user5,inconsistent,15.94449496,89
user6,no preference,4.609852552,89
user7,consistent,9.37481451,89
user8,no preference,6.622173786,89
user9,consistent,9.336999178,89
user10,inconsistent,4.921310186,89
user11,inconsistent,4.469478607,89
user12,consistent,6.477789402,89
user13,consistent,7.435790539,89
user14,inconsistent,5.20718956,89
user15,inconsistent,7.069468737,89
user16,consistent,7.194332361,89
user17,no preference,7.100708723,89
user18,consistent,14.93969846,89
user19,consistent,8.9304564,89
user20,inconsistent,5.999648094,89
user1,consistent,8.357342005,90
user2,consistent,5.910394192,90
user3,no preference,18.32030797,90
user4,no preference,3.351741076,90
user5,no preference,14.70091915,90
user6,consistent,4.240955353,90
user7,no preference,5.746772528,90
user8,no preference,3.469155312,90
user9,consistent,3.246233225,90
user10,consistent,6.789759398,90
user11,consistent,8.749022961,90
user12,inconsistent,6.499457836,90
user13,no preference,4.09988451,90
user14,consistent,6.933848619,90
user15,consistent,5.845873117,90
user16,consistent,6.814908028,90
user17,consistent,5.3680439,90
user18,consistent,7.177630424,90
user19,consistent,3.532160044,90
user20,inconsistent,3.578713655,90
