img_type,rating,majority_absolute,minority_absolute,majority_relative,minority_relative
2d abstract,Not_Accessible,184,1103,0.08041958,0.48208042
2d abstract,Borderline,738,1661,0.322552448,0.725961538
2d abstract,Accessible,1366,2207,0.597027972,0.964597902
2d continous,Not_Accessible,35,293,0.07,0.586
2d continous,Borderline,224,421,0.448,0.842
2d continous,Accessible,241,480,0.482,0.96
3d abstract,Not_Accessible,18,146,0.051136364,0.414772727
3d abstract,Borderline,80,249,0.227272727,0.707386364
3d abstract,Accessible,254,348,0.721590909,0.988636364
3d continous,Not_Accessible,58,598,0.050699301,0.522727273
3d continous,Borderline,421,966,0.368006993,0.844405594
3d continous,Accessible,665,1126,0.581293706,0.984265734
gui,Not_Accessible,69,283,0.167475728,0.686893204
gui,Borderline,166,335,0.402912621,0.813106796
gui,Accessible,177,380,0.42961165,0.922330097
none,Not_Accessible,53,345,0.075714286,0.492857143
none,Borderline,224,555,0.32,0.792857143
none,Accessible,423,674,0.604285714,0.962857143
schema,Not_Accessible,12,179,0.01986755,0.296357616
schema,Borderline,105,409,0.17384106,0.677152318
schema,Accessible,487,599,0.806291391,0.991721854
