img_type,code,majority_absolute,minority_absolute,majority_relative,minority_relative
2d abstract,works_with_one_color,131,1002,0.057255245,0.437937063
2d abstract,has_labels,1271,2050,0.555506993,0.895979021
2d abstract,descriptive_text,377,1646,0.164772727,0.719405594
2d abstract,texture_helps,109,1577,0.04763986,0.689248252
2d abstract,colors_dont_change,70,740,0.030594406,0.323426573
2d abstract,order_helps,265,1582,0.115821678,0.691433566
2d continous,works_with_one_color,21,199,0.042,0.398
2d continous,has_labels,190,386,0.38,0.772
2d continous,descriptive_text,25,289,0.05,0.578
2d continous,texture_helps,63,399,0.126,0.798
2d continous,colors_dont_change,7,134,0.014,0.268
2d continous,order_helps,29,297,0.058,0.594
3d abstract,works_with_one_color,21,151,0.059659091,0.428977273
3d abstract,has_labels,115,266,0.326704545,0.755681818
3d abstract,descriptive_text,41,200,0.116477273,0.568181818
3d abstract,texture_helps,56,294,0.159090909,0.835227273
3d abstract,colors_dont_change,14,116,0.039772727,0.329545455
3d abstract,order_helps,22,227,0.0625,0.644886364
3d continous,works_with_one_color,59,503,0.051573427,0.439685315
3d continous,has_labels,255,748,0.222902098,0.653846154
3d continous,descriptive_text,60,546,0.052447552,0.477272727
3d continous,texture_helps,284,1017,0.248251748,0.888986014
3d continous,colors_dont_change,14,302,0.012237762,0.263986014
3d continous,order_helps,68,678,0.059440559,0.592657343
gui,works_with_one_color,16,163,0.038834951,0.395631068
gui,has_labels,236,391,0.572815534,0.949029126
gui,descriptive_text,105,350,0.254854369,0.849514563
gui,texture_helps,14,270,0.033980583,0.655339806
gui,colors_dont_change,4,99,0.009708738,0.240291262
gui,order_helps,44,285,0.106796117,0.691747573
none,works_with_one_color,48,301,0.068571429,0.43
none,has_labels,295,579,0.421428571,0.827142857
none,descriptive_text,125,462,0.178571429,0.66
none,texture_helps,84,522,0.12,0.745714286
none,colors_dont_change,12,206,0.017142857,0.294285714
none,order_helps,63,475,0.09,0.678571429
schema,works_with_one_color,87,309,0.144039735,0.511589404
schema,has_labels,433,599,0.716887417,0.991721854
schema,descriptive_text,229,541,0.379139073,0.895695364
schema,texture_helps,33,425,0.054635762,0.703642384
schema,colors_dont_change,27,256,0.044701987,0.42384106
schema,order_helps,116,489,0.19205298,0.809602649
