img_type,code,majority_absolute,minority_absolute,majority_relative,minority_relative
2d abstract,resolution_too_low,251,1408,0.109702797,0.615384615
2d abstract,shapes_too_thinsmall,118,1267,0.051573427,0.553758741
2d abstract,issues_with_text_size_or_font,277,1188,0.121066434,0.519230769
2d abstract,text_broken,3,294,0.001311189,0.128496503
2d abstract,brightness_contrast_too_low,25,784,0.010926573,0.342657343
2d abstract,colors_not_distinguishable,213,933,0.093094406,0.40777972
2d abstract,colors_barely_distinguishable,34,1009,0.01486014,0.440996503
2d abstract,continous_color_scale_ambiguos,23,820,0.010052448,0.358391608
2d abstract,highlighted_elements_do_not_pop_out,16,884,0.006993007,0.386363636
2d abstract,loss_of_detailed_information_content,38,1228,0.016608392,0.536713287
2d abstract,fabricated_information,0,171,0,0.074737762
2d continous,resolution_too_low,44,333,0.088,0.666
2d continous,shapes_too_thinsmall,10,236,0.02,0.472
2d continous,issues_with_text_size_or_font,11,170,0.022,0.34
2d continous,text_broken,0,36,0,0.072
2d continous,brightness_contrast_too_low,11,227,0.022,0.454
2d continous,colors_not_distinguishable,52,245,0.104,0.49
2d continous,colors_barely_distinguishable,18,287,0.036,0.574
2d continous,continous_color_scale_ambiguos,36,324,0.072,0.648
2d continous,highlighted_elements_do_not_pop_out,12,261,0.024,0.522
2d continous,loss_of_detailed_information_content,36,342,0.072,0.684
2d continous,fabricated_information,1,47,0.002,0.094
3d abstract,resolution_too_low,17,176,0.048295455,0.5
3d abstract,shapes_too_thinsmall,10,167,0.028409091,0.474431818
3d abstract,issues_with_text_size_or_font,13,99,0.036931818,0.28125
3d abstract,text_broken,0,20,0,0.056818182
3d abstract,brightness_contrast_too_low,1,122,0.002840909,0.346590909
3d abstract,colors_not_distinguishable,42,151,0.119318182,0.428977273
3d abstract,colors_barely_distinguishable,4,178,0.011363636,0.505681818
3d abstract,continous_color_scale_ambiguos,3,119,0.008522727,0.338068182
3d abstract,highlighted_elements_do_not_pop_out,6,140,0.017045455,0.397727273
3d abstract,loss_of_detailed_information_content,9,187,0.025568182,0.53125
3d abstract,fabricated_information,0,16,0,0.045454545
3d continous,resolution_too_low,46,613,0.04020979,0.535839161
3d continous,shapes_too_thinsmall,8,474,0.006993007,0.414335664
3d continous,issues_with_text_size_or_font,6,206,0.005244755,0.18006993
3d continous,text_broken,0,56,0,0.048951049
3d continous,brightness_contrast_too_low,17,480,0.01486014,0.41958042
3d continous,colors_not_distinguishable,147,559,0.128496503,0.488636364
3d continous,colors_barely_distinguishable,37,659,0.032342657,0.576048951
3d continous,continous_color_scale_ambiguos,42,616,0.036713287,0.538461538
3d continous,highlighted_elements_do_not_pop_out,26,543,0.022727273,0.47465035
3d continous,loss_of_detailed_information_content,50,782,0.043706294,0.683566434
3d continous,fabricated_information,0,109,0,0.09527972
gui,resolution_too_low,123,355,0.298543689,0.861650485
gui,shapes_too_thinsmall,42,296,0.101941748,0.718446602
gui,issues_with_text_size_or_font,129,348,0.313106796,0.844660194
gui,text_broken,2,89,0.004854369,0.216019417
gui,brightness_contrast_too_low,6,173,0.014563107,0.419902913
gui,colors_not_distinguishable,33,169,0.080097087,0.410194175
gui,colors_barely_distinguishable,9,184,0.02184466,0.446601942
gui,continous_color_scale_ambiguos,10,173,0.024271845,0.419902913
gui,highlighted_elements_do_not_pop_out,4,209,0.009708738,0.507281553
gui,loss_of_detailed_information_content,12,234,0.029126214,0.567961165
gui,fabricated_information,0,30,0,0.072815534
none,resolution_too_low,74,428,0.105714286,0.611428571
none,shapes_too_thinsmall,29,352,0.041428571,0.502857143
none,issues_with_text_size_or_font,62,314,0.088571429,0.448571429
none,text_broken,0,82,0,0.117142857
none,brightness_contrast_too_low,6,271,0.008571429,0.387142857
none,colors_not_distinguishable,53,294,0.075714286,0.42
none,colors_barely_distinguishable,13,318,0.018571429,0.454285714
none,continous_color_scale_ambiguos,14,317,0.02,0.452857143
none,highlighted_elements_do_not_pop_out,14,319,0.02,0.455714286
none,loss_of_detailed_information_content,25,412,0.035714286,0.588571429
none,fabricated_information,0,41,0,0.058571429
schema,resolution_too_low,41,358,0.067880795,0.592715232
schema,shapes_too_thinsmall,19,294,0.031456954,0.486754967
schema,issues_with_text_size_or_font,43,294,0.071192053,0.486754967
schema,text_broken,0,65,0,0.107615894
schema,brightness_contrast_too_low,3,204,0.004966887,0.337748344
schema,colors_not_distinguishable,22,196,0.036423841,0.324503311
schema,colors_barely_distinguishable,3,174,0.004966887,0.28807947
schema,continous_color_scale_ambiguos,3,196,0.004966887,0.324503311
schema,highlighted_elements_do_not_pop_out,8,238,0.013245033,0.394039735
schema,loss_of_detailed_information_content,5,261,0.008278146,0.432119205
schema,fabricated_information,0,65,0,0.107615894
